episode:,reward,epsilon
0,0.0,0.95
0,20.50773583259881,0.9
1,33.64010039905776,0.898335222
2,-5.151038031157313,0.8966748880000001
3,-30.76068758204518,0.8950189980000001
4,-91.95182611952139,0.8933675520000001
5,48.899848506661414,0.8917205500000001
6,28.44721257185624,0.890077992
7,-1.060798814033049,0.888439878
8,492.47353171032097,0.886806208
9,-54.382304010101564,0.8851769820000001
10,86.50097838081444,0.8835522
11,15.24225285399416,0.8819318620000001
12,-21.69359488077481,0.880315968
13,40.060077147239554,0.878704518
14,50.80034932183001,0.877097512
15,65.63393002174307,0.87549495
16,-4.379834902419205,0.873896832
17,499.67654074875884,0.872303158
18,-7.0600598798158245,0.870713928
19,-29.308822085974526,0.869129142
20,13.204959078129207,0.8675488
21,43.118766326365396,0.865972902
22,5.425672334849622,0.8644014480000001
23,-66.12289409559996,0.862834438
24,12.629348645069385,0.861271872
25,65.41915160846922,0.85971375
26,-46.04361752134028,0.858160072
27,72.43485943980315,0.856610838
28,492.4082868620194,0.8550660480000001
29,496.23400835534426,0.853525702
30,83.35924848623516,0.8519898
31,-8.285026165898813,0.850458342
32,493.53664973002327,0.848931328
33,90.13110742175327,0.847408758
34,75.08537214773338,0.845890632
35,86.08445792358238,0.84437695
36,91.14259081930683,0.842867712
37,88.72436568793036,0.841362918
38,499.6584907378338,0.839862568
39,56.51641310334019,0.838366662
40,483.3036668116855,0.8368752
41,80.28595494537491,0.835388182
42,81.64257559113318,0.833905608
43,96.71730950948637,0.832427478
44,47.806401827312314,0.8309537920000001
45,98.45441028185385,0.82948455
46,57.0432894038826,0.828019752
47,11.254835989990084,0.826559398
48,1.5911768725534756,0.825103488
49,5.822394876552806,0.823652022
50,499.764949205879,0.8222050000000001
51,495.5736929260416,0.820762422
52,79.86968424629188,0.819324288
53,93.6073949882807,0.817890598
54,444.09999715499015,0.816461352
55,499.22539877297027,0.8150365500000001
56,498.71711382750647,0.813616192
57,95.97703746081679,0.812200278
58,499.0773747299395,0.810788808
59,-91.935956576576,0.809381782
60,498.97995967217054,0.8079792
61,69.62441818313106,0.806581062
62,23.819352349815787,0.805187368
63,-157.8048069607924,0.803798118
64,91.0649336938367,0.802413312
65,33.65786456047613,0.80103295
66,41.0112222788343,0.799657032
67,26.376973251631483,0.798285558
68,50.62218337045039,0.796918528
69,481.8570719091298,0.795555942
70,22.08467074890295,0.7941978000000001
71,37.262535741989915,0.792844102
72,93.85931518714222,0.791494848
73,91.94587430919401,0.790150038
74,94.30562415208709,0.788809672
75,498.40105313712377,0.78747375
76,33.711571680347745,0.786142272
77,-0.1317814221563225,0.784815238
78,481.7765807537694,0.783492648
79,499.5269130339611,0.782174502
80,461.54653965248,0.7808608
81,496.81492169314214,0.779551542
82,74.27418473650766,0.778246728
83,495.4974085080156,0.776946358
84,88.60117181480902,0.775650432
85,496.35372540806435,0.77435895
86,493.98545140569775,0.773071912
87,482.68468279460495,0.771789318
88,498.9919215743214,0.7705111680000001
89,-82.59112200751306,0.769237462
90,498.7425332891863,0.7679682
91,58.72683580716812,0.766703382
92,490.9693562537526,0.7654430080000001
93,484.82610455008876,0.764187078
94,84.78056799296203,0.762935592
95,394.45509428795197,0.76168855
96,487.00645255076785,0.760445952
97,76.9666982538491,0.759207798
98,464.2073647745598,0.757974088
99,488.98970517156295,0.756744822
100,499.4331980709152,0.75552
101,499.9552448027576,0.754299622
102,499.9999937597033,0.753083688
103,496.66382801630436,0.751872198
104,478.02374076672993,0.7506651520000001
105,494.98569965489423,0.7494625500000001
106,459.5169821869424,0.7482643920000001
107,484.55670974274034,0.747070678
108,499.52613342215506,0.745881408
109,494.7405917116989,0.744696582
110,493.0051625465634,0.7435162
111,-134.22359658079,0.742340262
112,-21.28716470519184,0.741168768
113,499.95875853147174,0.740001718
114,491.7507571259841,0.738839112
115,499.7953410014265,0.73768095
116,492.4104810050438,0.736527232
117,495.64783917297285,0.7353779579999999
118,49.778345298592384,0.7342331280000001
119,477.5685495525056,0.733092742
120,491.0826996468664,0.7319568000000001
121,499.6034343070929,0.730825302
122,493.7941802109193,0.729698248
123,495.9667546517635,0.728575638
124,495.353963078306,0.727457472
125,498.54617956630346,0.7263437500000001
126,490.7426597212446,0.725234472
127,494.2188781864164,0.724129638
128,-94.29243267350017,0.723029248
129,407.9509833461036,0.721933302
130,470.9977234946094,0.7208418
131,493.8649838227517,0.719754742
132,454.38505844397986,0.718672128
133,491.159208468802,0.717593958
134,499.9997918777166,0.716520232
135,488.6105559812106,0.71545095
136,492.6183287061254,0.714386112
137,499.6785402724152,0.713325718
138,477.75145834685725,0.7122697680000001
139,496.87001152620695,0.711218262
140,497.9202858785924,0.7101712
141,98.8204526361932,0.709128582
142,474.4262087479989,0.708090408
143,478.185232200034,0.707056678
144,499.7646852143413,0.706027392
145,497.2745612784919,0.70500255
146,436.9874578936669,0.703982152
147,287.6366366073978,0.702966198
148,481.1571809730611,0.701954688
149,498.7436013887116,0.7009476219999999
150,499.9999713718919,0.699945
151,499.1364644719073,0.698946822
152,497.7013328279656,0.697953088
153,499.98887444575803,0.696963798
154,473.18022253972913,0.695978952
155,499.2231726004224,0.69499855
156,499.7420275619922,0.694022592
157,494.20135422916076,0.693051078
158,492.4119711492968,0.692084008
159,377.61515739249273,0.691121382
160,484.37190622477885,0.6901632
161,499.8783354381909,0.689209462
162,489.31030430652146,0.688260168
163,96.45172066947404,0.687315318
164,499.90843682671976,0.686374912
165,474.46314164436643,0.68543895
166,481.33111733922124,0.684507432
167,-134.89492288603407,0.683580358
168,492.8553983683269,0.682657728
169,491.3673466092284,0.6817395420000001
170,490.1271745323206,0.6808258
171,468.9677810554708,0.679916502
172,-162.82422752796234,0.679011648
173,-11.533803767848099,0.6781112380000001
174,499.99226705838606,0.677215272
175,477.0034533480273,0.67632375
176,499.9722876302496,0.675436672
177,498.78603502022816,0.674554038
178,496.4917228352822,0.673675848
179,479.4905734114323,0.672802102
180,499.9998852157516,0.6719328
181,486.4773742959589,0.671067942
182,493.69263058997484,0.670207528
183,495.4573193363473,0.669351558
184,437.5626175042165,0.6685000320000001
185,480.8976018276315,0.66765295
186,-159.05890591523357,0.666810312
187,497.3130318268577,0.665972118
188,498.25421138301033,0.665138368
189,498.7677764377246,0.6643090620000001
190,496.61320335547003,0.6634842000000001
191,497.0122961648566,0.662663782
192,496.16436303698276,0.661847808
193,-95.4277956753306,0.6610362780000001
194,486.9209917915066,0.6602291920000001
195,494.76624058653,0.6594265500000001
196,499.9804051060245,0.658628352
197,499.4610767369163,0.657834598
198,498.6928001045361,0.657045288
199,498.4979330564829,0.656260422
200,499.8229047156039,0.6554800000000001
201,472.6515497466058,0.654704022
202,-48.02778121554529,0.6539324879999999
203,499.55413069100985,0.6531653980000001
204,-106.90142628996568,0.652402752
205,498.8838348420706,0.65164455
206,-130.53463859574532,0.650890792
207,436.29624019134053,0.650141478
208,499.5952871886307,0.649396608
209,493.2340774727673,0.6486561820000001
210,488.92263559751643,0.6479202000000001
211,498.67721457692033,0.647188662
212,453.34365096322364,0.6464615680000001
213,-150.36959935110377,0.6457389179999999
214,499.9983284688955,0.645020712
215,486.02396519176335,0.64430695
216,499.4943221846731,0.6435976320000001
217,499.9944712642208,0.642892758
218,499.46514583593114,0.642192328
219,430.1939596196213,0.6414963419999999
220,-50.33286244907495,0.6408048
221,497.4112898385462,0.640117702
222,376.75516334926397,0.639435048
223,499.7087916038572,0.6387568379999999
224,499.99984240901176,0.638083072
225,489.6565568736583,0.63741375
226,479.2063327926126,0.6367488720000001
227,489.7090807843213,0.636088438
228,485.07846068907696,0.635432448
229,499.90283950157936,0.634780902
230,447.4869281424788,0.6341338
231,466.2401888588185,0.633491142
232,493.88906423949004,0.6328529279999999
233,464.56046133311975,0.6322191580000001
234,495.6846912831489,0.631589832
235,499.50414750214446,0.6309649500000001
236,496.9545480355114,0.630344512
237,454.32820926371073,0.6297285180000001
238,498.9713150445772,0.6291169679999999
239,478.1924437361523,0.628509862
240,458.287455692271,0.6279072
241,497.72961894638365,0.627308982
242,446.0154273396538,0.626715208
243,496.32088236498413,0.626125878
244,491.0956892625823,0.625540992
245,412.6281998118701,0.62496055
246,498.6352277134841,0.624384552
247,482.8776957715647,0.623812998
248,496.4601319517838,0.623245888
249,489.0346304798895,0.622683222
250,498.5073887745088,0.622125
251,496.6801928255617,0.621571222
252,446.54195568969067,0.621021888
253,499.9354433816853,0.620476998
254,499.98878148954674,0.619936552
255,498.96714787125813,0.6194005499999999
256,427.5789627770548,0.618868992
257,492.3298716226978,0.6183418780000001
258,486.0377813830425,0.617819208
259,464.9574751425372,0.617300982
260,491.51239831979717,0.6167872
261,498.17883038250903,0.616277862
262,499.066846098877,0.615772968
263,485.9989109127124,0.615272518
264,488.68239263013015,0.6147765119999999
265,487.4491948654564,0.61428495
266,499.9378729547012,0.6137978319999999
267,497.1132939118612,0.613315158
268,498.86176140066647,0.612836928
269,490.10899069899267,0.612363142
270,486.5989217771928,0.6118938
271,498.15642407433063,0.611428902
272,489.4153275562672,0.6109684479999999
273,486.86110972812645,0.610512438
274,368.86425287752786,0.610060872
275,478.1592813763036,0.6096137500000001
276,499.69301432268315,0.6091710720000001
277,497.60616636623064,0.608732838
278,497.88457386697485,0.608299048
279,426.3981801810827,0.607869702
280,492.15138487928914,0.6074448
281,487.7938068135171,0.607024342
282,410.95048623919763,0.606608328
283,463.66064484584285,0.606196758
284,22.423749315113014,0.605789632
285,499.32985529997734,0.60538695
286,499.99944746946653,0.604988712
287,496.15200441190933,0.604594918
288,377.1585868899257,0.604205568
289,496.2674051630127,0.6038206620000001
290,498.8525505112814,0.6034402
291,499.96000607860384,0.603064182
292,499.5000123269148,0.602692608
293,499.9830311363133,0.602325478
294,487.1163375631634,0.601962792
295,499.99684230120135,0.60160455
296,498.89524248156243,0.601250752
297,461.08128394975756,0.600901398
298,499.726585437341,0.600556488
299,497.16351546143363,0.600216022
300,499.97042642834367,0.5998800000000001
301,-92.08703081259905,0.7483154219999999
302,495.9513495795418,0.7466552879999999
303,492.3783056990883,0.7449995979999999
304,496.37772061596405,0.7433483519999999
305,-16.723874243760108,0.7417015499999999
306,-66.79300850363224,0.7400591919999999
307,472.21070644135756,0.7384212779999999
308,457.4271879695383,0.7367878079999999
309,495.20679793246063,0.735158782
310,496.365225511734,0.7335341999999999
311,496.78742187980134,0.731914062
312,498.0994976047156,0.7302983679999999
313,481.69952483105135,0.7286871179999999
314,35.03853819555829,0.7270803119999999
315,499.5649980492711,0.7254779499999999
316,483.1480301317384,0.7238800319999998
317,499.93854724140783,0.7222865579999999
318,499.03165270591643,0.7206975279999999
319,496.78724029753744,0.7191129419999999
320,446.21211011980955,0.7175328
321,-127.36236195386314,0.715957102
322,495.9765776862266,0.714385848
323,10.623496775151807,0.712819038
324,496.4523074900302,0.711256672
325,497.92486525121416,0.70969875
326,498.069369610595,0.708145272
327,499.93647668145434,0.7065962379999999
328,495.4480531711716,0.705051648
329,494.13976472305797,0.703511502
330,484.31414134381265,0.7019758
331,499.1526333547366,0.700444542
332,491.95761003350714,0.698917728
333,-139.98034828384323,0.697395358
334,484.63869086080473,0.695877432
335,499.9988426352748,0.6943639499999998
336,494.4431257182625,0.6928549119999999
337,472.01578848987026,0.6913503179999998
338,465.7615150488209,0.689850168
339,485.17887857359494,0.6883544619999998
340,472.17842282883026,0.6868631999999999
341,497.51255350742906,0.6853763819999998
342,499.999649830065,0.683894008
343,499.22595511955984,0.682416078
344,-45.60505225570667,0.680942592
345,495.3164312889729,0.67947355
346,440.33758923969873,0.6780089519999999
347,499.057788308995,0.676548798
348,487.35441997589373,0.6750930879999999
349,499.6577503198715,0.673641822
350,494.15134304679094,0.6721949999999999
351,498.25637046939653,0.670752622
352,-100.82539413851228,0.6693146879999999
353,-27.503682138971925,0.667881198
354,440.85487817341004,0.666452152
355,498.7667020215269,0.66502755
356,454.8921455907787,0.6636073919999999
357,499.74688913175027,0.662191678
358,468.3272585352405,0.6607804079999999
359,499.27919090792,0.659373582
360,495.0938275497504,0.6579711999999999
361,499.7500617228276,0.656573262
362,484.31865463472525,0.6551797679999999
363,494.0301058061952,0.653790718
364,-98.90291654162156,0.6524061119999999
365,499.8121676902939,0.65102595
366,-89.73363124454633,0.6496502319999999
367,498.204753789238,0.6482789579999999
368,447.1025924043381,0.6469121279999999
369,499.251808949811,0.645549742
370,497.61867274273607,0.6441917999999999
371,489.36198196211495,0.6428383019999999
372,497.81301741339274,0.6414892479999998
373,497.4003208675014,0.640144638
374,386.3039846936994,0.6388044719999999
375,472.39561562199634,0.63746875
376,498.33888350797884,0.6361374719999999
377,474.17312569522824,0.634810638
378,499.9872789897363,0.6334882479999999
379,499.973631422555,0.632170302
380,499.75502928630203,0.6308567999999999
381,478.51287975714075,0.629547742
382,475.9128328474311,0.6282431279999998
383,458.2033615513453,0.6269429579999999
384,461.81001281608116,0.6256472319999998
385,495.73523837891406,0.62435595
386,483.41944879114175,0.623069112
387,419.39769494078934,0.621786718
388,474.4533760656044,0.6205087680000001
389,499.3853130178492,0.6192352619999999
390,494.41716027218456,0.6179662
391,448.6153346328507,0.6167015819999999
392,470.9202979819199,0.615441408
393,-37.607103137367574,0.6141856779999999
394,493.95165832551675,0.6129343920000001
395,495.66448460343946,0.6116875499999999
396,491.04576765911924,0.610445152
397,497.8965826670875,0.6092071979999999
398,451.752235086153,0.607973688
399,482.46154350286537,0.6067446219999999
400,493.0321441334537,0.6055200000000001
401,376.7986480041877,0.6042998219999999
402,475.5567991579287,0.603084088
403,429.58046352706344,0.6018727979999998
404,497.98480943741333,0.600665952
405,499.66178343756013,0.5994635499999998
406,-113.82768443703537,0.598265592
407,497.23660176184376,0.5970720779999998
408,387.92322200529486,0.5958830079999999
409,457.3935133459513,0.5946983819999998
410,499.96178914251834,0.5935182
411,489.123081960212,0.5923424619999998
412,492.38305588043954,0.591171168
413,493.7952461329419,0.5900043179999999
414,-156.14045185702452,0.5888419119999999
415,499.33496106428305,0.5876839499999998
416,491.81112351994835,0.586530432
417,498.819365938048,0.5853813579999998
418,498.1329714488524,0.584236728
419,416.0908359609063,0.5830965419999998
420,-61.58512001284869,0.5819608
421,493.6524722365162,0.5808295019999998
422,494.53192697378813,0.5797026479999999
423,425.6812695206969,0.5785802379999998
424,495.49065796539355,0.577462272
425,497.11643436441125,0.5763487499999999
426,436.3533557645707,0.5752396719999999
427,344.1952531059576,0.5741350380000001
428,419.0299607547746,0.5730348479999999
429,-143.59097610474072,0.571939102
430,494.4794693249627,0.5708477999999999
431,492.70581161846104,0.569760942
432,499.99474641381283,0.568678528
433,499.37476705938155,0.5676005580000001
434,497.12518467983915,0.566527032
435,491.98642969961827,0.5654579500000001
436,494.35936364171357,0.564393312
437,-153.74711558137798,0.5633331180000001
438,499.1229680086765,0.5622773679999999
439,499.24713639647047,0.561226062
440,498.3506510335993,0.5601791999999999
441,495.14212886100967,0.5591367819999999
442,499.9950196702948,0.5580988079999999
443,491.9646137275648,0.557065278
444,499.99982157809404,0.5560361919999999
445,499.7930112316772,0.55501155
446,499.95595331014727,0.5539913519999999
447,481.85852205417797,0.552975598
448,499.2134446016448,0.5519642879999999
449,464.3472017261882,0.550957422
450,499.403950178635,0.5499549999999999
451,498.5890002420957,0.548957022
452,498.98039759643865,0.5479634879999999
453,494.46851989072013,0.5469743979999999
454,498.56679280438544,0.5459897519999999
455,386.696815485664,0.54500955
456,499.6725112117333,0.5440337919999998
457,466.2367452835829,0.543062478
458,451.95063424117484,0.5420956079999999
459,499.97602522205386,0.541133182
460,499.95019123961464,0.5401751999999999
461,451.1378304922273,0.539221662
462,476.54600190935935,0.5382725679999998
463,499.9998516434788,0.5373279179999999
464,495.35160881034227,0.5363877119999998
465,495.6574971298971,0.5354519499999999
466,497.6827116747564,0.5345206319999998
467,480.5943569668149,0.533593758
468,-159.67998888876917,0.5326713279999998
469,494.4654522689063,0.531753342
470,499.86261686094826,0.5308398000000001
471,492.12982664831276,0.5299307019999999
472,492.8047865227354,0.529026048
473,489.51662821678997,0.528125838
474,494.7831358586781,0.527230072
475,497.9111835079471,0.52633875
476,452.7891252539124,0.525451872
477,472.12026011192336,0.5245694379999999
478,499.447535895743,0.523691448
479,490.61281847788774,0.5228179019999999
480,497.4650589298512,0.5219488
481,496.3416497689563,0.5210841419999999
482,481.36193334058305,0.5202239280000001
483,357.6428073837226,0.5193681579999999
484,467.5875688134037,0.518516832
485,479.8466759539821,0.5176699499999999
486,491.21387766634086,0.516827512
487,493.51391155900035,0.5159895179999999
488,495.07526728473096,0.515155968
489,499.4293491859395,0.5143268619999999
490,499.99904478579947,0.5135022
491,492.9802345316907,0.5126819819999999
492,495.2450773460953,0.511866208
493,482.6645550499326,0.5110548779999999
494,499.5702276748694,0.510247992
495,495.1957850882183,0.5094455499999999
496,456.61059903637033,0.508647552
497,499.9931355310626,0.5078539979999999
498,492.9457217442892,0.5070648879999999
499,443.46569218515043,0.5062802219999999
500,490.5627766145064,0.5055
501,488.03352393574914,0.5047242219999999
502,493.9656095990515,0.5039528879999999
503,499.50851594370073,0.5031859979999999
504,497.8733369990831,0.502423552
505,499.99896816851,0.5016655499999999
506,499.976911695669,0.5009119919999999
507,497.8152699183519,0.5001628779999998
508,491.85716252585837,0.4994182079999999
509,499.7326967343994,0.4986779819999998
510,499.7942663125972,0.4979422
511,498.53191486681715,0.49721086199999986
512,436.3488645155092,0.49648396799999994
513,496.98334970111887,0.495761518
514,490.2330314782546,0.49504351199999996
515,-88.13260934339311,0.49432995
516,439.28202959825387,0.49362083199999995
517,475.8125350825077,0.492916158
518,499.98543766546334,0.4922159279999999
519,497.796327544235,0.49152014200000005
520,496.1336140013519,0.49082879999999995
521,498.1608848690716,0.4901419020000001
522,-130.68449582605263,0.48945944799999996
523,-127.5549198637449,0.48878143800000007
524,488.1860804632145,0.48810787199999994
525,487.31225900094705,0.48743875000000003
526,499.78079691166187,0.4867740719999999
527,471.6428418287981,0.48611383799999996
528,494.356097395762,0.4854580479999999
529,499.9938953745826,0.484806702
530,499.8855077637487,0.4841597999999999
531,496.22632021134245,0.48351734199999996
532,-105.11342641461665,0.4828793279999999
533,498.9061543792904,0.482245758
534,491.3637755660088,0.48161663199999993
535,499.10426668485553,0.48099194999999995
536,497.02867899325236,0.48037171199999984
537,480.1965679484353,0.47975591799999995
538,499.57524595451116,0.4791445679999998
539,478.3807035625509,0.47853766200000003
540,451.73537451278276,0.4779351999999999
541,498.62119561343616,0.47733718199999997
542,491.81288991226603,0.4767436079999998
543,-115.38826153304541,0.476154478
544,495.97138588720895,0.4755697919999998
545,337.0419831509747,0.47498955
546,478.4500192806441,0.4744137519999998
547,496.08777447325394,0.47384239799999994
548,-42.796611097697735,0.47327548799999986
549,369.43041838816066,0.472713022
550,492.53725437406,0.4721549999999999
551,497.0550682831079,0.471601422
552,499.8838500206161,0.4710522879999999
553,441.57700073705615,0.47050759799999997
554,493.3073772070328,0.46996735199999984
555,499.78815274689737,0.4694315499999999
556,498.7118869951207,0.4689001920000001
557,499.96473029900176,0.46837327799999995
558,475.76216575240693,0.467850808
559,490.696026764707,0.46733278199999995
560,411.61212576215826,0.4668192
561,492.0735641419771,0.4663100619999999
562,483.2570287504967,0.46580536800000005
563,499.077132841067,0.46530511799999996
564,499.997574116695,0.464809312
565,499.9906266521738,0.46431794999999987
566,496.8144317565512,0.463831032
567,499.97523897780394,0.46334855799999997
568,496.29049790247706,0.46287052800000006
569,488.72898017201857,0.4623969419999999
570,499.3374885205422,0.4619278
571,499.8164070641194,0.46146310199999985
572,489.72423173369435,0.461002848
573,498.7149052243309,0.46054703799999985
574,499.99546947579347,0.460095672
575,496.3040093847621,0.45964874999999994
576,491.4175784519714,0.45920627199999997
577,499.49795906995126,0.4587682379999999
578,463.4937720010302,0.458334648
579,489.8092715364473,0.4579055019999999
580,415.51952180196463,0.4574808
581,496.38857333447385,0.4570605419999999
582,499.9472040965457,0.456644728
583,496.48244135336296,0.45623335799999987
584,496.169507066798,0.45582643199999995
585,486.66137575735365,0.4554239499999999
586,490.9191378915549,0.455025912
587,498.3153533726352,0.4546323179999998
588,496.6165133253934,0.454243168
589,482.22119419196696,0.4538584619999999
590,498.7470924602203,0.45347819999999994
591,460.95022845882295,0.45310238199999986
592,492.33602101520836,0.452731008
593,499.6844774926278,0.4523640779999999
594,475.83051741716326,0.452001592
595,481.1705553265592,0.4516435499999999
596,480.72079767156185,0.451289952
597,498.04954467154414,0.45094079799999987
598,497.81478682397756,0.45059608799999995
599,463.96765916003534,0.450255822
600,498.8644938188336,0.4499199999999999
601,498.80171524099757,0.5984556219999999
602,492.2693113492075,0.5967956879999998
603,499.7058830038817,0.5951401980000002
604,493.8877813295472,0.5934891519999996
605,495.4300386983117,0.5918425499999997
606,499.99755648580646,0.5902003919999999
607,497.93686303472185,0.588562678
608,464.47217524684703,0.586929408
609,495.78593516763993,0.5853005820000001
610,494.7943909846632,0.5836761999999998
611,485.65666922343263,0.5820562619999998
612,-5.788101841500165,0.5804407679999999
613,488.32715356018275,0.5788297179999999
614,495.09722100490114,0.577223112
615,498.5387151935136,0.5756209499999998
616,487.98143671942205,0.5740232319999996
617,499.41901840889324,0.5724299579999998
618,499.9685375017429,0.5708411280000001
619,470.6675006654977,0.5692567419999999
620,499.9450281455173,0.5676768000000001
621,492.9428764563746,0.5661013019999999
622,497.2756688208487,0.5645302479999998
623,460.7113715359702,0.5629636379999998
624,489.23951678131857,0.561401472
625,499.5556525787341,0.5598437500000002
626,497.88499330541845,0.5582904720000001
627,496.3716623331678,0.5567416379999997
628,399.38595774200076,0.5551972479999998
629,499.6343753085709,0.553657302
630,496.79173301597757,0.5521218000000001
631,-102.91851847823621,0.5505907420000002
632,498.59637296664306,0.5490641279999997
633,-103.69054895570953,0.5475419579999998
634,-115.15125738487637,0.5460242319999997
635,498.7259066706317,0.5445109499999998
636,430.6355579776649,0.5430021119999999
637,477.17639931708845,0.541497718
638,499.9845155359137,0.5399977679999997
639,490.21785867737395,0.5385022619999997
640,499.4575713165439,0.5370111999999998
641,454.77259125655877,0.5355245819999999
642,499.61057221609667,0.5340424079999999
643,495.9291268558843,0.5325646779999997
644,499.90994900106307,0.5310913919999998
645,498.0868217227004,0.52962255
646,420.6594097421867,0.528158152
647,487.57338230127044,0.5266981980000001
648,467.3365194352413,0.5252426880000001
649,-151.1706319775168,0.5237916219999996
650,488.27615065122103,0.5223449999999998
651,474.62094584087134,0.520902822
652,499.156702553001,0.519465088
653,-132.9804746397793,0.518031798
654,499.92166275719325,0.5166029519999997
655,499.38044521986444,0.5151785499999999
656,477.0147069631767,0.5137585919999998
657,498.7328279876325,0.5123430779999998
658,376.9701312181113,0.5109320080000002
659,465.77310745864537,0.5095253820000001
660,370.9700123737624,0.5081231999999998
661,499.9980595640486,0.5067254619999999
662,491.93529456368105,0.5053321679999998
663,431.04359816136827,0.5039433179999999
664,499.64475668604325,0.502558912
665,499.99760697917327,0.5011789500000001
666,499.56110750029916,0.49980343199999977
667,499.99965000857935,0.49843235799999985
668,492.3087577738704,0.49706572799999993
669,491.0043584604756,0.495703542
670,493.4097710506016,0.49434580000000006
671,499.94552855045396,0.49299250199999967
672,499.99951043863905,0.4916436479999997
673,499.9874672034184,0.49029923799999997
674,489.993401059133,0.488959272
675,483.0771065984188,0.48762375
676,477.3541139791071,0.48629267200000004
677,499.0340237975107,0.4849660379999998
678,499.94912922352916,0.4836438479999998
679,408.9643782575282,0.4823261019999998
680,412.61230567928584,0.4810128
681,491.02772745019723,0.479703942
682,15.996044753409336,0.47839952799999974
683,460.8505583095515,0.4770995579999997
684,499.9974646474519,0.4758040319999999
685,434.7477451563365,0.47451295000000004
686,499.963948387061,0.473226312
687,453.736461231504,0.47194411800000013
688,-117.61946569289343,0.47066636799999984
689,497.84765619447336,0.46939306199999975
690,492.8756892867951,0.4681241999999999
691,497.71869590108264,0.466859782
692,498.4104953321197,0.4655998080000001
693,497.98473887598146,0.4643442779999998
694,497.2735152872441,0.4630931919999999
695,493.6959243965841,0.46184654999999997
696,433.70858396860194,0.46060435200000005
697,482.389684533679,0.4593665980000001
698,497.26799978725245,0.4581332880000002
699,485.47629323016673,0.4569044219999998
700,499.72274255899123,0.45567999999999986
701,495.3323184060297,0.4544600219999999
702,493.3099783686048,0.45324448799999995
703,499.85029022134853,0.452033398
704,498.32916080388287,0.4508267520000002
705,497.56855125378956,0.4496245499999998
706,476.076951859749,0.4484267919999998
707,488.68656806186414,0.447233478
708,499.98963589693307,0.446044608
709,499.90965960550193,0.444860182
710,496.9858219104756,0.44368019999999975
711,497.40026320151554,0.4425046619999997
712,499.9979252382758,0.4413335679999999
713,487.2653437792242,0.4401669180000001
714,495.1655047393094,0.439004712
715,499.90633524134154,0.4378469500000002
716,452.4573835449609,0.43669363199999967
717,-171.46211088996733,0.4355447579999998
718,383.5371675245335,0.43440032799999995
719,496.8232426469214,0.4332603420000001
720,438.1078029614045,0.4321248
721,498.6847992342414,0.43099370199999965
722,495.153399867423,0.42986704799999975
723,493.475895772656,0.42874483799999985
724,499.89846666109395,0.42762707199999994
725,485.88228836319087,0.42651375
726,491.9082427687855,0.4254048720000001
727,499.817981952571,0.4243004379999997
728,467.82421271008104,0.4232004479999998
729,489.3062782654461,0.42210490199999984
730,490.26050097749857,0.4210137999999999
731,499.6817430341746,0.41992714200000014
732,494.7121352616414,0.4188449279999997
733,493.4716161412548,0.41776715799999975
734,497.1949739581877,0.41669383199999976
735,495.16885806752185,0.41562495
736,442.6928109471737,0.414560512
737,332.4597406980588,0.4135005180000002
738,495.059209889564,0.41244496799999975
739,499.203721000808,0.4113938619999997
740,498.7715705699329,0.4103471999999999
741,400.0581612860585,0.4093049819999999
742,318.4586398266815,0.40826720800000005
743,498.4661574886843,0.40723387799999977
744,498.45703446256937,0.4062049919999997
745,486.8429641779658,0.40518054999999986
746,499.8566205821482,0.404160552
747,493.3292900081681,0.4031449979999999
748,490.6584938795812,0.40213388800000005
749,493.1306635610203,0.40112722199999973
750,499.6551404132149,0.40012499999999984
751,474.25267375825035,0.39912722200000017
752,486.4546982047938,0.3981338879999998
753,499.6385233940891,0.39714499800000036
754,464.55415442617954,0.396160552
755,499.89701587617185,0.39518054999999963
756,495.59805483319315,0.39420499200000014
757,455.72343622257637,0.39323387799999976
758,498.550748332669,0.39226720800000026
759,493.1759694817832,0.39130498199999986
760,492.2771975390339,0.39034719999999945
761,456.630956292742,0.3893938619999999
762,498.18785082989467,0.38844496799999995
763,499.97501674295313,0.38750051799999996
764,499.51610894958003,0.38656051199999997
765,497.41233199134973,0.38562494999999997
766,454.84418348012105,0.3846938319999995
767,-125.53476366941352,0.38376715799999994
768,495.56343104155326,0.3828449279999999
769,496.96139860428644,0.3819271419999999
770,499.78592271710073,0.3810138000000003
771,499.9986736146956,0.3801049019999998
772,491.93377606383706,0.37920044799999975
773,499.98051876765436,0.3783004379999997
774,499.5366056933869,0.37740487200000006
775,499.7796744954784,0.37651375
776,498.9915330561182,0.3756270719999999
777,496.86902945055846,0.3747448379999998
778,483.2397620375016,0.3738670479999997
779,498.6807153079257,0.37299370200000004
780,498.2494363901633,0.3721247999999999
781,498.8002079475153,0.3712603419999998
782,-133.3689566998143,0.37040032799999967
783,462.76824566146166,0.36954475799999953
784,497.30528746184126,0.3686936319999998
785,499.55785395829645,0.3678469500000001
786,499.64921510006263,0.36700471199999996
787,498.05749719769346,0.3661669179999998
788,486.3280516037044,0.36533356800000005
789,473.85628997184307,0.36450466199999987
790,482.0832247319859,0.3636801999999997
791,499.5079773551697,0.3628601819999999
792,499.6779647849667,0.36204460800000016
793,498.53338405492275,0.3612334780000004
794,494.90959517953604,0.3604267919999997
795,494.75390682333864,0.35962454999999993
796,494.9358041246331,0.35882675200000014
797,499.5328016998577,0.35803339800000034
798,498.88645341683986,0.3572444880000001
799,-160.26720889843313,0.3564600219999998
800,499.23638802837706,0.35568
801,473.4826535573791,0.35490442200000016
802,499.9993341898048,0.3541332879999999
803,477.74794228143696,0.35336659800000003
804,495.19685898351463,0.3526043520000002
805,497.56404967075053,0.35184654999999987
806,477.33999566534465,0.351093192
807,439.0149986687509,0.3503442780000001
808,499.50554038564536,0.34959980800000023
809,488.565097118553,0.34885978200000034
810,460.17844258508626,0.34812419999999955
811,497.373987070656,0.34739306199999964
812,499.5764676188874,0.3466663679999997
813,497.89787156055985,0.3459441179999998
814,493.80280067488513,0.34522631199999987
815,497.8083975548588,0.34451294999999993
816,499.71056035925506,0.343804032
817,499.98775057729176,0.343099558
818,498.24511671601806,0.34239952800000006
819,489.96550812894577,0.3417039420000001
820,478.87779444338014,0.3410128000000001
821,492.9723536749723,0.3403261019999997
822,499.9874740267612,0.3396438479999997
823,499.9891280829369,0.33896603800000014
824,499.5385015309941,0.3382926720000001
825,479.11461733045246,0.3376237500000001
826,496.7410189441905,0.3369592720000001
827,498.1642029383869,0.33629923800000006
828,499.7960339101143,0.335643648
829,499.4189267727764,0.33499250199999997
830,490.9141542479314,0.3343457999999999
831,499.94338193260097,0.33370354199999985
832,499.56331298471565,0.3330657279999998
833,497.9251411712027,0.3324323579999997
834,368.0913720535941,0.3318034319999996
835,480.36975425678634,0.33117894999999997
836,493.2276669201449,0.3305589120000003
837,499.8660909054288,0.3299433180000002
838,497.2109104883177,0.32933216799999965
839,482.1132436440042,0.32872546199999997
840,492.92249788792293,0.32812319999999984
841,499.708499507338,0.3275253819999997
842,499.99584517162515,0.326932008
843,496.33868221576097,0.3263430780000003
844,457.0719169923403,0.3257585919999997
845,497.25841178352977,0.32517854999999996
846,499.9671138688049,0.3246029519999998
847,484.172297194848,0.32403179800000004
848,344.6808902359557,0.3234650880000003
849,499.99416914232324,0.32290282199999965
850,486.9018353810598,0.3223449999999999
851,499.2627904237051,0.32179162199999967
852,499.90719129401253,0.3212426879999999
853,499.9934287837326,0.3206981980000001
854,458.8311018466853,0.32015815199999986
855,478.1416302249892,0.3196225499999996
856,499.99787074597174,0.3190913919999998
857,499.69009698571057,0.318564678
858,496.0851262280291,0.3180424079999997
859,494.6754445543178,0.31752458200000033
860,497.180811714983,0.31701120000000005
861,463.01329019641366,0.31650226199999976
862,496.9716789036989,0.3159977679999999
863,495.72990539082343,0.31549771800000004
864,498.17725583158574,0.3150021119999997
865,497.79259318618614,0.3145109500000003
866,499.77793550848503,0.31402423199999996
867,475.8625866449534,0.3135419579999996
868,484.62021809497327,0.31306412800000016
869,482.8141793058885,0.3125907419999998
870,498.01656601455636,0.31212180000000034
871,493.9034661538192,0.31165730199999997
872,497.44049341481065,0.3111972479999996
873,-138.21180865599297,0.3107416380000001
874,499.9355064975508,0.3102904719999997
875,493.5913725073578,0.3098437500000002
876,491.74591341970523,0.3094014719999998
877,499.99010808987543,0.3089636379999998
878,499.81500144597163,0.30853024799999984
879,490.39007700907445,0.30810130199999985
880,498.2062285391005,0.30767679999999986
881,496.6063125008925,0.3072567420000003
882,480.10226486334153,0.30684112799999985
883,494.0354456258979,0.30642995799999984
884,499.6076244733376,0.3060232319999998
885,418.3510123658418,0.3056209500000002
886,446.9919073982323,0.30522311199999974
887,499.41995962104875,0.30482971800000014
888,499.10652377736875,0.30444076799999964
889,493.3602704226919,0.304056262
890,499.9637197159566,0.30367619999999995
891,492.3991884233279,0.3033005819999999
892,499.72533227419177,0.30292940800000023
893,445.01688144530203,0.30256267800000014
894,496.0835017259883,0.30220039200000004
895,497.67572323026445,0.30184254999999993
896,499.7854792126994,0.3014891519999998
897,499.97046603908444,0.30114019800000014
898,496.9937378099468,0.300795688
899,494.36298229985385,0.30045562199999987
900,470.5023123550025,0.3001199999999997
901,497.41489334780533,0.44785482199999915
902,408.63510950582133,0.4461940879999995
903,498.7804107328715,0.4445377979999998
904,453.7484392102319,0.44288595200000014
905,498.4981837939729,0.44123855
906,499.27503446821316,0.43959559199999987
907,499.2136937837803,0.43795707800000017
908,498.283619780689,0.43632300799999957
909,499.3941405878232,0.43469338199999985
910,431.82000683897013,0.4330681999999997
911,494.55047223184334,0.43144746199999995
912,499.70380097810073,0.42983116799999976
913,499.78283266859967,0.428219318
914,480.01829948460437,0.42661191200000026
915,496.26973038682496,0.4250089499999996
916,424.2634644870707,0.42341043199999984
917,437.14533786100435,0.42181635800000006
918,460.6485704669617,0.42022672800000027
919,499.6905427625718,0.41864154200000003
920,499.87452473174176,0.41706080000000023
921,499.75426667908323,0.41548450199999953
922,495.9389293506687,0.4139126479999997
923,491.09846304912435,0.41234523799999945
924,499.2102606446756,0.4107822719999996
925,488.9945718043367,0.4092237499999998
926,499.8989827343502,0.4076696719999999
927,-124.14539953234454,0.40612003800000007
928,497.10471424634693,0.4045748479999993
929,489.2580465063011,0.40303410199999945
930,491.4151795365456,0.40149779999999957
931,468.0167507687115,0.3999659419999997
932,477.04350551225184,0.3984385279999998
933,497.8753565538513,0.3969155579999999
934,454.75731876527624,0.3953970320000004
935,499.1819932533131,0.3938829499999996
936,497.85400666746244,0.3923733119999997
937,499.29182099681213,0.39086811799999976
938,447.9863809332331,0.38936736800000027
939,489.0225599423254,0.3878710620000003
940,472.35243557235117,0.38637920000000037
941,454.96387656596653,0.3848917819999995
942,367.5520184651517,0.38340880799999955
943,490.494423981256,0.38193027799999957
944,487.4927546132021,0.3804561919999996
945,499.1003165978719,0.37898655000000003
946,469.4718343550562,0.3775213520000005
947,468.88754012449715,0.37606059800000047
948,499.778412870618,0.37460428799999956
949,473.60550630300713,0.37315242199999954
950,499.30456910003943,0.37170499999999995
951,498.2880059818986,0.3702620219999999
952,462.4530661204963,0.36882348799999987
953,485.04921097600493,0.36738939800000026
954,499.298642068199,0.3659597520000002
955,499.7037108670594,0.3645345499999997
956,311.99364350972655,0.3631137919999996
957,457.5832494110154,0.36169747799999996
958,497.3774657076922,0.36028560799999987
959,499.0509497619684,0.3588781820000002
960,476.0277888773277,0.3574752000000001
961,493.55919335425125,0.35607666199999954
962,497.71038338724793,0.3546825679999994
963,460.6585778357946,0.35329291799999973
964,462.70091435668337,0.35190771200000004
965,499.78643535501834,0.3505269499999999
966,493.76404340597185,0.3491506320000002
967,499.6514676749836,0.34777875800000047
968,498.6746376855243,0.3464113279999994
969,350.8933179853135,0.3450483419999997
970,499.9899984736443,0.34368979999999993
971,498.7009975401597,0.34233570199999974
972,461.6771920881962,0.340986048
973,497.9977395692231,0.3396408380000002
974,499.99865656078504,0.33830007200000045
975,499.99998318886924,0.3369637499999998
976,499.9837549076237,0.33563187199999955
977,475.315779251441,0.33430443799999976
978,495.7299747862152,0.33298144799999996
979,499.87429023155585,0.33166290200000015
980,473.5529489749214,0.33034880000000033
981,499.9222882959592,0.3290391419999996
982,499.3158517336129,0.3277339279999998
983,499.9975228880789,0.32643315799999995
984,499.93719972807867,0.3251368320000001
985,497.2929325444206,0.32384495000000024
986,499.78332414043876,0.3225575120000004
987,435.5569177218916,0.3212745180000005
988,498.0979379086016,0.31999596799999974
989,493.87413034681344,0.31872186199999986
990,499.34038719025716,0.31745219999999996
991,498.5959014667454,0.31618698200000006
992,499.99366086235335,0.31492620800000015
993,480.0783312201892,0.31366987800000024
994,482.00754851735485,0.3124179920000003
995,499.87059105927614,0.3111705499999995
996,499.38913412260524,0.30992755199999955
997,493.5984776657379,0.30868899800000005
998,497.8385730267834,0.3074548880000001
999,494.2089577020436,0.30622522200000013
1000,487.1218123424137,0.30500000000000016
1001,463.1285711565123,0.3037792219999993
1002,468.34438485108365,0.30256288799999975
1003,499.9999425886116,0.30135099799999976
1004,388.6632812665785,0.30014355199999976
1005,499.9858968150411,0.2989405500000002
1006,498.4487809069752,0.2977419920000002
1007,499.66395282617077,0.29654787800000015
1008,499.96802281170517,0.2953582079999997
1009,492.8259567563335,0.29417298199999964
1010,493.0081584490754,0.29299220000000004
1011,499.987142765342,0.291815862
1012,498.849280486375,0.2906439679999999
1013,490.22715403507505,0.2894765180000003
1014,499.99997439900034,0.2883135120000002
1015,499.9202511779253,0.2871549499999997
1016,494.6572916319211,0.2860008319999996
1017,483.0889722425984,0.28485115799999994
1018,495.2948052581412,0.28370592799999983
1019,487.83088451156993,0.28256514200000016
1020,491.60052422038547,0.2814288000000005
1021,463.1348847921199,0.28029690199999946
1022,498.7727788898224,0.27916944799999976
1023,499.9274593172778,0.2780464379999996
1024,496.41925098981983,0.2769278719999999
1025,499.53071343046884,0.2758137500000002
1026,483.1344089042105,0.274704072
1027,499.7487893174759,0.2735988380000003
1028,496.749271928274,0.27249804799999966
1029,499.99844466376646,0.27140170199999947
1030,491.52905645707665,0.2703097999999997
1031,472.2988437104261,0.26922234199999995
1032,495.26474830248395,0.2681393280000002
1033,499.984885491118,0.2670607580000004
1034,499.85552158539025,0.2659866319999993
1035,486.6222025239622,0.2649169499999995
1036,499.7434806163696,0.2638517119999997
1037,499.9970533906462,0.2627909179999999
1038,499.58558659978877,0.26173456800000006
1039,499.9445707637181,0.26068266200000023
1040,498.5813386166354,0.2596352000000004
1041,468.5641326784132,0.25859218199999967
1042,499.9856244885303,0.2575536079999998
1043,493.7850014833328,0.25651947799999997
1044,499.5335542110436,0.2554897920000001
1045,410.50177791374705,0.25446455000000023
1046,484.5868839991582,0.25344375200000036
1047,482.4072182589564,0.25242739800000047
1048,499.6011432462945,0.2514154879999997
1049,499.8335888184166,0.2504080219999998
1050,496.94599762586813,0.24940499999999988
1051,494.0120095872766,0.24840642199999996
1052,448.3955742491977,0.24741228800000004
1053,462.9509748164442,0.2464225980000001
1054,499.9374392720891,0.24543735199999928
1055,455.1270453522789,0.24445654999999977
1056,496.26650798566163,0.24348019199999982
1057,488.5489659272083,0.24250827799999986
1058,499.9657762151328,0.24154080799999988
1059,498.67487399037265,0.24057778200000035
1060,498.3405865248418,0.23961920000000037
1061,495.17502650250316,0.23866506199999948
1062,495.09995018381136,0.23771536799999948
1063,499.9225143657727,0.23677011799999992
1064,499.8733955179709,0.2358293119999999
1065,473.2090427387739,0.23489294999999988
1066,499.84055799403444,0.2339610320000003
1067,499.47335127115207,0.23303355800000025
1068,494.7242248712674,0.23211052799999976
1069,499.60177410084503,0.2311919419999997
1070,499.9827598292846,0.23027779999999964
1071,480.37624307351933,0.22936810200000002
1072,499.86001442893354,0.22846284799999994
1073,498.03091319850574,0.2275620380000003
1074,499.96386207053905,0.22666567199999932
1075,475.5396845981439,0.22577374999999966
1076,478.0634097286206,0.22488627199999955
1077,482.6259440196973,0.22400323799999988
1078,499.1579029646986,0.2231246480000002
1079,498.2164548049877,0.22225050200000007
1080,495.154933647318,0.22138080000000038
1081,499.92837283400206,0.22051554199999934
1082,-156.47046097003766,0.21965472799999963
1083,499.46086470820677,0.21879835799999992
1084,499.98775464957464,0.21794643199999975
1085,492.5074410746725,0.21709895
1086,486.0600097796135,0.21625591200000027
1087,499.04775089105055,0.21541731800000052
1088,491.0409826307252,0.21458316799999944
1089,499.8354663471985,0.21375346199999967
1090,499.91166178490505,0.2129281999999999
1091,473.5606410962274,0.21210738200000012
1092,494.5800268225867,0.2112910079999999
1093,495.90872150146134,0.2104790780000001
1094,499.7877193466934,0.2096715919999994
1095,499.93585287837715,0.2088685499999996
1096,492.24751741963325,0.20806995199999978
1097,495.67165246139274,0.20727579799999996
1098,499.67105583171144,0.20648608800000012
1099,499.63499386766915,0.20570082200000028
1100,464.78925108743283,0.20492000000000044
1101,498.83976919610376,0.2041436219999997
1102,499.97247031318915,0.20337168799999983
1103,499.4035937829023,0.20260419799999996
1104,498.41823430881993,0.20184115200000008
1105,499.5493565183695,0.2010825500000002
1106,494.1466204802753,0.2003283920000003
1107,499.95471349653553,0.1995786780000004
1108,487.5203543600779,0.1988334079999996
1109,494.9885801984961,0.19809258199999968
1110,496.962476214027,0.19735619999999976
1111,489.23277584743755,0.19662426199999983
1112,499.28035418184544,0.19589676800000033
1113,499.990696067787,0.19517371800000038
1114,494.4892680493065,0.19445511199999954
1115,499.88532029706664,0.19374094999999958
1116,495.8647368840656,0.1930312319999996
1117,499.93595363155714,0.19232595800000007
1118,498.93682673922484,0.1916251280000001
1119,490.34710522567565,0.1909287420000001
1120,353.1557840920183,0.1902368000000001
1121,493.33941885562825,0.18954930199999964
1122,498.25483595199364,0.18886624799999963
1123,498.12706748923046,0.1881876379999996
1124,498.11160161063486,0.18751347200000001
1125,497.7703142621409,0.18684374999999998
1126,497.89411972032036,0.18617847200000037
1127,499.64634937411057,0.18551763800000032
1128,499.9887979964017,0.18486124799999937
1129,499.91096159184673,0.18420930199999974
1130,499.9995892215527,0.18356179999999966
1131,499.368846597149,0.18291874200000002
1132,473.00312361721393,0.18228012799999993
1133,494.4588479376064,0.18164595800000027
1134,499.6376871546916,0.18101623199999972
1135,420.38566584187373,0.1803909499999996
1136,484.5382583955341,0.17977011199999993
1137,496.611287633237,0.1791537179999998
1138,464.5319153497553,0.1785417680000001
1139,499.8708320741748,0.17793426199999995
1140,498.2035629369996,0.17733120000000024
1141,494.95483194425293,0.17673258199999964
1142,497.7912317472434,0.17613840799999947
1143,496.20788184307366,0.17554867799999974
1144,478.21295557752507,0.174963392
1145,499.9859951796562,0.17438255000000025
1146,492.05223347322254,0.17380615200000005
1147,497.42940806628684,0.17323419800000028
1148,494.4242750192318,0.17266668799999962
1149,491.2375377989713,0.17210362199999985
1150,469.40519618379534,0.17154500000000006
1151,486.7729563704522,0.17099082199999982
1152,499.9236372301889,0.17044108800000002
1153,491.74275380024636,0.1698957980000002
1154,499.9984654888688,0.1693549519999995
1155,499.7163922077984,0.16881854999999968
1156,491.18196960094866,0.16828659199999985
1157,498.9624387809164,0.167759078
1158,497.43068465940496,0.16723600800000016
1159,496.0120830973015,0.1667173820000003
1160,495.2534761235458,0.16620320000000044
1161,496.95208127977895,0.16569346199999968
1162,489.80276893532755,0.1651881679999998
1163,499.8106292961543,0.16468731799999992
1164,498.75802294462295,0.16419091200000002
1165,491.86047445890483,0.16369895000000012
1166,465.71372727804373,0.1632114320000002
1167,498.687287354382,0.1627283579999994
1168,499.3766312732219,0.16224972799999948
1169,484.68438541746457,0.16177554199999955
1170,499.4743872710622,0.16130580000000005
1171,497.09268323755134,0.1608405020000001
1172,489.77852879098606,0.16037964800000015
1173,493.4864439188017,0.1599232380000002
1174,499.8318515170493,0.15947127199999933
1175,497.7605625289223,0.1590237499999998
1176,496.0773613253192,0.1585806719999998
1177,499.9475623546277,0.15814203799999982
1178,496.87410104587457,0.15770784800000026
1179,496.9352787339785,0.15727810200000025
1180,498.48922345886814,0.15685280000000024
1181,499.0008973075596,0.15643194199999977
1182,498.0567926781364,0.15601552799999974
1183,498.95215505709234,0.1556035579999997
1184,499.8491597957946,0.1551960320000001
1185,493.7182640646622,0.15479295000000004
1186,495.4214399771615,0.15439431200000042
1187,490.46167124139606,0.15400011799999946
1188,466.7663565507114,0.15361036799999983
1189,493.407273464964,0.15322506199999975
1190,499.9103107456326,0.1528442000000001
1191,498.8872264171521,0.152467782
1192,491.351896088416,0.15209580800000033
1193,363.64389195235805,0.15172827800000022
1194,494.4310964193474,0.15136519199999965
1195,499.83798328971943,0.15100654999999952
1196,427.44659174360754,0.15065235199999982
1197,498.0553878595239,0.15030259800000012
1198,476.8260423739776,0.14995728799999997
1199,-136.3678338439497,0.14961642200000025
1200,497.0552458600413,0.14928000000000052
1201,499.9901533193203,0.1
1202,496.6591721001024,0.1
1203,498.13096494001616,0.1
1204,496.478165689128,0.1
1205,499.96957785023534,0.1
1206,499.8872587122154,0.1
1207,497.55685974634775,0.1
1208,342.8714646153129,0.1
1209,499.0385913935598,0.1
1210,416.6677776207744,0.1
1211,491.1527547534323,0.1
1212,492.47764405266304,0.1
1213,498.7368939485843,0.1
1214,499.96421324095036,0.1
1215,467.01755599440236,0.1
1216,492.15952708066544,0.1
1217,488.27433206657787,0.1
1218,493.13901838380025,0.1
1219,499.99708450512446,0.1
1220,499.96566161939313,0.1
1221,493.6891414836693,0.1
1222,-125.72006054971536,0.1
1223,498.22578787977505,0.1
1224,495.63373917486314,0.1
1225,497.5210223824414,0.1
1226,492.50040811851636,0.1
1227,479.1092040275175,0.1
1228,499.87756839469745,0.1
1229,499.9186685695139,0.1
1230,446.1631993212404,0.1
1231,467.504782313001,0.1
1232,499.70514135175813,0.1
1233,465.7653430574741,0.1
1234,499.98548451419833,0.1
1235,499.74901290647006,0.1
1236,499.6861093868623,0.1
1237,499.99980905649034,0.1
1238,499.819640523118,0.1
1239,499.9296444569321,0.1
1240,498.1370605184216,0.1
1241,499.9855635459722,0.1
1242,499.845105380291,0.1
1243,498.54935438062984,0.1
1244,499.91710823491775,0.1
1245,474.87513779671565,0.1
1246,472.5599986632311,0.1
1247,499.3578073279203,0.1
1248,498.0032512035114,0.1
1249,499.9185631762352,0.1
1250,498.7286807858089,0.1
1251,499.75818048837925,0.1
1252,496.92719663123574,0.1
1253,490.1603523064915,0.1
1254,498.6592812451791,0.1
1255,467.19114592954475,0.1
1256,499.1360345890957,0.1
1257,499.56094055400223,0.1
1258,496.9472309080788,0.1
1259,488.1237951126354,0.1
1260,499.9755399488673,0.1
1261,486.7495782141505,0.1
1262,488.4788921767566,0.1
1263,495.86377047474,0.1
1264,493.2766920186024,0.1
1265,490.4430376416276,0.1
1266,499.53114433764546,0.1
1267,446.56971431464234,0.1
1268,499.7643547983657,0.1
1269,485.3543145882246,0.1
1270,498.32669680004284,0.1
1271,499.9723022923944,0.1
1272,469.1415381383164,0.1
1273,496.1219332651695,0.1
1274,457.4222115695489,0.1
1275,499.99684596140054,0.1
1276,499.0981907722822,0.1
1277,499.66584034001016,0.1
1278,499.9659688412106,0.1
1279,499.82906941262405,0.1
1280,499.2461745020434,0.1
1281,499.70396600385067,0.1
1282,493.36008725056774,0.1
1283,499.7211784164775,0.1
1284,499.718816140875,0.1
1285,473.32338675477297,0.1
1286,471.17709486925435,0.1
1287,485.58109029221754,0.1
1288,484.97343574895564,0.1
1289,499.8208111710511,0.1
1290,478.51560973267635,0.1
1291,494.7242830485504,0.1
1292,499.9325901926795,0.1
1293,497.9040272696552,0.1
1294,469.78229439061414,0.1
1295,490.7213352511287,0.1
1296,499.8039271259671,0.1
1297,471.76334673087,0.1
1298,499.4772811597307,0.1
1299,499.99600184373713,0.1
1300,499.9882404989989,0.1
1301,496.4395796736438,0.1
1302,498.8656912664122,0.1
1303,472.5393456025339,0.1
1304,484.1870504137528,0.1
1305,496.4836668931792,0.1
1306,498.071609377524,0.1
1307,499.05884513152535,0.1
1308,494.5351087319259,0.1
1309,497.19798319528616,0.1
1310,499.5722671889983,0.1
1311,499.8051926415972,0.1
1312,499.7561720223478,0.1
1313,499.8359034319268,0.1
1314,499.9977100164553,0.1
1315,497.1799878391893,0.1
1316,497.5799471459542,0.1
1317,466.32045397211533,0.1
1318,461.9618139736357,0.1
1319,445.5710300858313,0.1
1320,498.5759919420608,0.1
1321,498.3273088844146,0.1
1322,468.9412534152652,0.1
1323,492.5324169091281,0.1
1324,499.9441568649362,0.1
1325,499.9338969130384,0.1
1326,499.10498626152065,0.1
1327,498.2878412479438,0.1
1328,499.7935914528687,0.1
1329,498.28188341633876,0.1
1330,486.99349105081814,0.1
1331,499.04236726757506,0.1
1332,499.86531272522893,0.1
1333,483.90832668962287,0.1
1334,494.0409748566132,0.1
1335,486.3974322613111,0.1
1336,499.71995513273885,0.1
1337,499.8919999585586,0.1
1338,486.5941358238544,0.1
1339,497.47381373311885,0.1
1340,462.0894959945375,0.1
1341,491.5864642800651,0.1
1342,474.76807631014395,0.1
1343,498.9313668882243,0.1
1344,464.6261633361206,0.1
1345,499.0310118014643,0.1
1346,499.9825835641391,0.1
1347,499.4877422684935,0.1
1348,-132.43646775557988,0.1
1349,499.95323884596263,0.1
1350,499.9866108410415,0.1
1351,499.7456541626473,0.1
1352,499.99822951727305,0.1
1353,496.49455505426255,0.1
1354,483.8027429771408,0.1
1355,498.93331657696774,0.1
1356,499.96613686030764,0.1
1357,499.9998840561524,0.1
1358,489.7980055370924,0.1
1359,496.8163893077892,0.1
1360,485.0425010977219,0.1
1361,497.2267546052941,0.1
1362,494.46694090195774,0.1
1363,499.4769968871765,0.1
1364,490.206061927088,0.1
1365,499.5574549640055,0.1
1366,487.21495147242,0.1
1367,494.06662207579586,0.1
1368,480.57228992026927,0.1
1369,490.17075699301233,0.1
1370,498.5841456790349,0.1
1371,383.5671682447067,0.1
1372,494.86486557391515,0.1
1373,497.6248165702,0.1
1374,494.197246866874,0.1
1375,496.4790982624922,0.1
1376,485.5235993768409,0.1
1377,499.9346055644584,0.1
1378,-145.36402554499747,0.1
1379,491.80732953654626,0.1
1380,499.99205983694236,0.1
1381,487.10413954920153,0.1
1382,488.57513867506634,0.1
1383,496.4778022478529,0.1
1384,499.8037729997016,0.1
1385,499.7875386705303,0.1
1386,499.6439805009395,0.1
1387,498.8994099307601,0.1
1388,499.72711710615005,0.1
1389,496.90985694438206,0.1
1390,498.5169321832021,0.1
1391,499.61517546187486,0.1
1392,499.41289600905696,0.1
1393,473.9465126128747,0.1
1394,495.96479270916757,0.1
1395,496.1654860268164,0.1
1396,444.7420225174134,0.1
1397,498.1303466060852,0.1
1398,493.5633247075011,0.1
1399,489.76354758254604,0.1
1400,491.7548369916488,0.1
1401,499.67869156303146,0.1
1402,499.99770302039474,0.1
1403,489.2051823917783,0.1
1404,489.4123065268118,0.1
1405,499.9985223683215,0.1
1406,485.28509409999634,0.1
1407,499.9955743586667,0.1
1408,498.5658454159171,0.1
1409,499.9807509106924,0.1
1410,-149.31597012153986,0.1
1411,492.44597244511766,0.1
1412,499.5715854548186,0.1
1413,498.9197610890695,0.1
1414,410.1398094497364,0.1
1415,497.5511849596161,0.1
1416,499.698836813302,0.1
1417,499.5238221657912,0.1
1418,499.33620582857367,0.1
1419,497.99901488926275,0.1
1420,481.0537049285246,0.1
1421,497.00453701427057,0.1
1422,482.12632893374973,0.1
1423,303.30165661453304,0.1
1424,499.8407776741294,0.1
1425,499.8208886685615,0.1
1426,498.34828577536734,0.1
1427,481.1092526835419,0.1
1428,499.9836598517772,0.1
1429,499.928381565673,0.1
1430,498.6588413169348,0.1
1431,496.55161681029927,0.1
1432,375.0743192957384,0.1
1433,498.51011058356005,0.1
1434,498.33061087285205,0.1
1435,465.1541645453882,0.1
1436,497.0837176015717,0.1
1437,498.317251520343,0.1
1438,497.25205208775657,0.1
1439,469.3139713639472,0.1
1440,499.4667353197853,0.1
1441,491.79197970296497,0.1
1442,499.5241525700512,0.1
1443,496.8062365904306,0.1
1444,499.5416009157766,0.1
1445,499.7568809247531,0.1
1446,499.8317922663205,0.1
1447,499.9943427585563,0.1
1448,499.9825908290543,0.1
1449,490.9549358955935,0.1
1450,498.0518709030868,0.1
1451,488.78555766458294,0.1
1452,499.97518101619875,0.1
1453,493.2604056239404,0.1
1454,499.9967771438034,0.1
1455,499.08566628535937,0.1
1456,374.19855377453507,0.1
1457,484.58123585057814,0.1
1458,499.7685804772855,0.1
1459,499.9117779777194,0.1
1460,499.9991299471912,0.1
1461,499.6067206389312,0.1
1462,499.92454405599057,0.1
1463,499.2569014776663,0.1
1464,492.2069289100202,0.1
1465,499.7295813632549,0.1
1466,496.6591755213294,0.1
1467,499.9974091814769,0.1
1468,499.97047476151766,0.1
1469,499.905119325095,0.1
1470,499.9107343694868,0.1
1471,499.91785144935466,0.1
1472,499.9985786790451,0.1
1473,498.28169386390977,0.1
1474,499.70215831892716,0.1
1475,497.3841762728752,0.1
1476,497.3440426889277,0.1
1477,494.3107915195327,0.1
1478,493.7777390934933,0.1
1479,499.0073826486043,0.1
1480,498.12634000938306,0.1
1481,498.64562524061205,0.1
1482,499.9616221750261,0.1
1483,494.9890697956997,0.1
1484,499.67983697479195,0.1
1485,497.9855812758825,0.1
1486,499.36302714518104,0.1
1487,499.95565042309744,0.1
1488,499.9900794604528,0.1
1489,499.2422880305659,0.1
1490,498.58081758995564,0.1
1491,499.91758635829785,0.1
1492,499.7654770629858,0.1
1493,499.45633709127725,0.1
1494,484.9802402467959,0.1
1495,491.9593691502529,0.1
1496,494.87478606755093,0.1
1497,498.0772287370746,0.1
1498,492.3042997587859,0.1
1499,498.47451055361296,0.1
1500,499.96634000889543,0.1
